Query Accession,Target Accession,Sequence Identity,Length,Mismatches,Gap Opening,Query Start,Query End,Target Start,Target End,E-value,Bit Score
JDMDCDGL_01876,VUW72999.1|AA1|,45.9,468,228,9,169,629,190,639,1.80E-104,383.6
JDMDCDGL_01887,CAP99810.1|AA6|,40.8,147,82,1,6,152,4,145,2.30E-18,95.9
JDMDCDGL_01798,CDR45701.1|AA6|,38.5,174,93,4,3,171,4,168,2.60E-14,82.4
JDMDCDGL_01798,CDR40495.1|AA6|,37.3,177,97,3,1,173,2,168,1.50E-17,93.2
JDMDCDGL_01798,CDR40497.1|AA6|,37.3,177,97,3,1,173,2,168,1.50E-17,93.2
JDMDCDGL_01798,CAE76242.1|AA6|,36.9,179,95,4,3,173,4,172,1.00E-13,80.5
JDMDCDGL_01798,VWP01316.1|AA6|,36.8,174,96,3,3,171,48,212,6.90E-15,84.3
JDMDCDGL_01798,BAM82206.1|AA6|,36,172,100,4,3,171,4,168,1.00E-13,80.5
JDMDCDGL_01435,VUW72999.1|AA1|,35.8,204,110,5,231,431,193,378,7.90E-24,115.5
JDMDCDGL_01887,VWP01316.1|AA6|,35.7,196,112,4,1,188,44,233,1.20E-19,100.1
JDMDCDGL_01887,QFZ44108.1|AA6|,35.6,177,100,3,6,173,2,173,3.90E-18,95.1
JDMDCDGL_01887,QFZ32756.1|AA6|,35.6,177,100,3,6,173,2,173,3.90E-18,95.1
JDMDCDGL_01887,QFZ49786.1|AA6|,35.6,177,100,3,6,173,2,173,3.90E-18,95.1
JDMDCDGL_01887,QFZ27937.1|AA6|,35.6,177,100,3,6,173,2,173,3.90E-18,95.1
JDMDCDGL_01887,QFZ38426.1|AA6|,35.6,177,100,3,6,173,2,173,3.90E-18,95.1
JDMDCDGL_01798,CBI52309.1|AA6|,35.3,190,105,5,3,184,4,183,1.50E-14,83.2
JDMDCDGL_01887,AFR93436.1|AA6|,35.3,167,100,2,9,170,38,201,2.30E-18,95.9
JDMDCDGL_01887,AUB22982.1|AA6|,35.3,167,100,2,9,170,11,174,2.30E-18,95.9
JDMDCDGL_01798,BAT10990.1|AA6|,35.1,202,119,5,6,202,53,247,3.40E-14,82
JDMDCDGL_03957,VWP01316.1|AA6|,35.1,151,86,3,4,153,49,188,2.90E-13,79
JDMDCDGL_00043,APA13687.1|AA1|,35.1,114,53,5,72,182,184,279,4.40E-06,55.8
JDMDCDGL_01887,SJX63390.1|AA6|,34.9,192,115,3,6,190,3,191,2.30E-18,95.9
JDMDCDGL_01887,CBQ73552.1|AA6|,34.9,192,115,3,6,190,3,191,2.30E-18,95.9
JDMDCDGL_01798,VBB72049.1|AA6|,34.8,198,108,5,3,189,4,191,2.20E-13,79.3
JDMDCDGL_01798,CAP60339.1|AA6|,34.8,198,108,5,3,189,4,191,2.20E-13,79.3
JDMDCDGL_00043,AMD21008.1|AA1|,34.6,136,63,9,75,201,122,240,1.40E-04,50.8
JDMDCDGL_01887,CDR40495.1|AA6|,34.5,203,122,3,6,202,4,201,1.70E-21,106.3
JDMDCDGL_01887,CDR40497.1|AA6|,34.5,203,122,3,6,202,4,201,1.70E-21,106.3
JDMDCDGL_00043,CDU22960.1|AA1|,34.5,113,53,5,75,184,182,276,2.80E-05,53.1
JDMDCDGL_00043,ATZ57800.1|AA1|,34.2,114,54,5,72,182,190,285,2.60E-06,56.6
JDMDCDGL_01887,BAS94766.1|AA6|,34.1,176,104,3,5,173,3,173,1.10E-17,93.6
JDMDCDGL_01887,CDR88365.1|AA6|,33.9,192,117,3,6,190,3,191,8.70E-18,94
JDMDCDGL_00043,AWK23445.1|AA1|,33.9,124,55,6,66,181,159,263,2.40E-04,50.1
JDMDCDGL_00043,AUS89439.1|AA1|,33.6,119,56,6,73,187,52,151,1.80E-04,50.4
JDMDCDGL_01798,BAA02370.1|AA6|,33.5,194,114,3,4,191,7,191,2.40E-15,85.9
JDMDCDGL_01798,NP_593615.1|AA6|,33.5,194,114,3,4,191,7,191,2.40E-15,85.9
JDMDCDGL_02998,QFZ37514.1|AA6|,33.5,155,93,2,4,149,46,199,1.40E-15,86.3
JDMDCDGL_02998,QFZ43198.1|AA6|,33.5,155,93,2,4,149,46,199,1.40E-15,86.3
JDMDCDGL_02998,QFZ48874.1|AA6|,33.5,155,93,2,4,149,46,199,1.40E-15,86.3
JDMDCDGL_02998,QFZ31845.1|AA6|,33.5,155,93,2,4,149,46,199,1.40E-15,86.3
JDMDCDGL_01798,CDS07386.1|AA6|,33.3,177,106,2,3,176,5,172,2.20E-13,79.3
JDMDCDGL_00043,SMR45320.1|AA1|,33.3,114,53,6,75,184,89,183,1.50E-06,57.4
JDMDCDGL_00043,SMY20481.1|AA1|,33.3,114,53,6,75,184,89,183,1.50E-06,57.4
JDMDCDGL_00043,SMR43158.1|AA1|,33.3,114,53,6,75,184,89,183,1.50E-06,57.4
JDMDCDGL_00043,SMQ46798.1|AA1|,33.3,114,53,6,75,184,89,183,1.50E-06,57.4
JDMDCDGL_00043,SAM64516.1|AA1|,33.3,120,57,6,75,191,256,355,2.20E-05,53.5
JDMDCDGL_01887,VUW61846.1|AA6|,33.2,202,123,3,6,200,4,200,1.20E-19,100.1
JDMDCDGL_01798,QGA15659.1|AA6|,32.8,177,105,2,2,173,4,171,1.70E-13,79.7
JDMDCDGL_01887,SPT16509.1|AA6|,32.8,201,123,4,9,201,7,203,5.10E-18,94.7
JDMDCDGL_01887,CCA67953.1|AA6|,32.7,205,124,3,1,197,1,199,3.00E-18,95.5
JDMDCDGL_03957,AWU77895.1|AA6|,32.6,172,105,2,1,172,1,161,1.10E-15,87
JDMDCDGL_00043,CDI56287.1|AA1|,32.6,141,71,7,54,191,149,268,2.20E-05,53.5
JDMDCDGL_01887,BAT92475.1|AA6|,32.5,203,125,3,5,200,3,200,3.50E-19,98.6
JDMDCDGL_01887,QCD87108.1|AA6|,32.5,203,128,4,5,200,3,203,5.10E-18,94.7
JDMDCDGL_01798,QHO25737.1|AA6|,32.4,207,126,4,2,203,4,201,2.20E-13,79.3
JDMDCDGL_01798,QHO58781.1|AA6|,32.4,207,126,4,2,203,4,201,2.20E-13,79.3
JDMDCDGL_01887,QBM91136.1|AA6|,32.4,210,123,4,6,201,2,206,8.70E-18,94
JDMDCDGL_01798,VDC84305.1|AA6|,32.2,205,126,4,3,202,66,262,1.30E-13,80.1
JDMDCDGL_01887,QHO14980.1|AA6|,32.2,202,126,3,6,200,4,201,1.10E-17,93.6
JDMDCDGL_00043,AGO12711.1|AA1|,32.1,156,80,11,50,197,98,235,1.30E-05,54.3
JDMDCDGL_01887,AWU77896.1|AA6|,32,197,120,4,6,194,3,193,1.10E-17,93.6
JDMDCDGL_03957,QGN14301.1|AA6|,32,153,94,1,1,153,1,143,5.60E-12,74.7
JDMDCDGL_03957,BAO38564.1|AA6|,32,153,94,1,1,153,1,143,5.60E-12,74.7
JDMDCDGL_03957,BAP70113.1|AA6|,32,153,94,1,1,153,1,143,5.60E-12,74.7
JDMDCDGL_01798,CDR88365.1|AA6|,31.9,213,133,5,1,208,1,206,1.10E-15,87
JDMDCDGL_00043,AAY33971.2|AA1_3|1.10.3.2,31.9,138,66,6,75,205,10,126,1.50E-06,57.4
JDMDCDGL_01887,AWU77895.1|AA6|,31.8,214,128,5,6,207,3,210,5.10E-18,94.7
JDMDCDGL_00043,AAY99671.1|AA1_3|,31.8,148,77,6,73,216,87,214,3.70E-05,52.8
JDMDCDGL_02869,QCE16734.1|AA1|,31.8,85,52,3,53,134,549,630,9.80E-04,47.8
JDMDCDGL_01798,CDS05288.1|AA6|,31.7,189,117,2,3,188,4,183,5.10E-18,94.7
JDMDCDGL_00043,QHO24608.1|AA1|,31.7,120,57,7,73,187,53,152,4.80E-05,52.4
JDMDCDGL_03957,CAX40080.1|AA6|,31.5,178,107,4,4,176,3,170,1.90E-12,76.3
JDMDCDGL_01798,QHN80429.1|AA6|,31.4,207,129,4,2,203,3,201,5.90E-14,81.3
JDMDCDGL_01798,CAB4095482.1|AA6|,31.4,207,128,4,2,203,3,200,1.00E-13,80.5
JDMDCDGL_01798,QHO14980.1|AA6|,31.4,207,129,4,2,203,3,201,2.20E-13,79.3
JDMDCDGL_03957,AWU77896.1|AA6|,31.4,153,94,2,1,153,1,142,8.60E-13,77.4
JDMDCDGL_03957,SGZ57670.1|AA6|,31.3,176,105,5,4,173,3,168,1.50E-12,76.6
JDMDCDGL_03957,QBM91136.1|AA6|,31.3,176,105,4,4,173,3,168,1.90E-12,76.3
JDMDCDGL_03957,SGZ56404.1|AA6|,31.3,176,105,5,4,173,3,168,1.90E-12,76.3
JDMDCDGL_00043,QHO53964.1|AA1|,31.3,112,53,6,73,180,53,144,1.40E-04,50.8
JDMDCDGL_01798,VDD41056.1|AA6|,31.2,205,128,3,3,202,66,262,1.70E-13,79.7
JDMDCDGL_02998,ABD62982.1|AA6|,31.2,141,87,3,12,150,67,199,1.80E-05,52.8
JDMDCDGL_03957,CDS05288.1|AA6|,31.2,170,105,2,6,173,7,166,9.20E-15,84
JDMDCDGL_01798,SJX63390.1|AA6|,31,210,133,5,1,205,1,203,1.30E-13,80.1
JDMDCDGL_01798,CBQ73552.1|AA6|,31,210,133,5,1,205,1,203,1.30E-13,80.1
JDMDCDGL_03957,QHO56754.1|AA6|,31,174,106,4,6,175,7,170,6.60E-13,77.8
JDMDCDGL_03957,QHO00601.1|AA6|,31,174,106,4,6,175,7,170,6.60E-13,77.8
JDMDCDGL_03957,SGZ47603.1|AA6|,31,171,106,2,5,173,6,166,7.30E-12,74.3
JDMDCDGL_02998,QCD76661.1|AA6|,30.9,139,89,2,12,150,63,194,6.70E-05,50.8
JDMDCDGL_02998,BAT86983.1|AA6|,30.9,139,89,2,12,150,68,199,1.10E-04,50.1
JDMDCDGL_01887,ABD62982.1|AA6|,30.7,205,129,4,5,201,2,201,8.70E-18,94
JDMDCDGL_03957,AOW31260.1|AA6|,30.5,213,127,6,4,208,3,202,4.60E-14,81.6
JDMDCDGL_03957,QFZ44108.1|AA6|,30.5,200,120,6,4,195,3,191,8.60E-13,77.4
JDMDCDGL_03957,QFZ32756.1|AA6|,30.5,200,120,6,4,195,3,191,8.60E-13,77.4
JDMDCDGL_03957,QFZ49786.1|AA6|,30.5,200,120,6,4,195,3,191,8.60E-13,77.4
JDMDCDGL_03957,QFZ27937.1|AA6|,30.5,200,120,6,4,195,3,191,8.60E-13,77.4
JDMDCDGL_03957,QFZ38426.1|AA6|,30.5,200,120,6,4,195,3,191,8.60E-13,77.4
JDMDCDGL_00043,QCE04200.1|AA1|,30.3,119,60,5,73,187,31,130,1.80E-04,50.4
JDMDCDGL_02998,NP_200261.1|AA6|,30.1,133,86,2,12,144,68,193,4.30E-04,48.1
JDMDCDGL_02998,XP_002499122.1|AA6|,29.9,147,94,4,16,158,71,212,4.30E-04,48.1
JDMDCDGL_00101,SMR45619.1|AA1|,29.9,177,118,4,256,427,918,1093,2.50E-09,67
JDMDCDGL_00043,QBZ60245.1|AA1|,29.8,121,59,6,66,179,45,146,1.10E-04,51.2
JDMDCDGL_03957,SPT16509.1|AA6|,29.7,209,132,5,2,205,3,201,5.00E-13,78.2
JDMDCDGL_00043,CDI56230.1|AA1|,29.7,148,73,8,75,219,154,273,2.40E-04,50.1
JDMDCDGL_02998,CDS05288.1|AA6|,29.5,146,94,3,12,156,67,204,6.00E-06,54.3
JDMDCDGL_03957,AUB22996.1|AA6|,29.4,201,122,5,4,197,7,194,4.30E-12,75.1
JDMDCDGL_03957,AFR93448.1|AA6|,29.4,201,122,5,4,197,30,217,4.30E-12,75.1
JDMDCDGL_00043,AUS45838.1|AA1|,29.4,119,62,4,69,184,40,139,6.80E-07,58.5
JDMDCDGL_02998,BAT92475.1|AA6|,29.3,133,87,2,12,144,68,193,5.60E-04,47.8
JDMDCDGL_02998,QCE09843.1|AA6|,29.3,133,87,2,12,144,51,176,9.60E-04,47
JDMDCDGL_02998,BAT86982.1|AA6|,28.8,139,93,1,12,150,68,200,2.50E-04,48.9
JDMDCDGL_03957,SPT16511.1|AA6|,28.8,208,135,3,2,205,3,201,1.10E-12,77
JDMDCDGL_00043,ATY66872.1|AA1|,28.8,153,85,7,59,207,43,175,4.40E-06,55.8
JDMDCDGL_00043,CDF89469.1|AA1|,28.8,156,84,8,51,197,91,228,1.40E-04,50.8
JDMDCDGL_00043,AQZ10315.1|AA1|,28.8,156,84,8,51,197,91,228,1.40E-04,50.8
JDMDCDGL_02998,CAB4095482.1|AA6|,28.6,133,88,2,12,144,68,193,9.60E-04,47
JDMDCDGL_00043,AEO69834.1|AA1|,28.1,114,60,5,75,185,69,163,5.70E-06,55.5
JDMDCDGL_01010,QGA14796.1|AA2|,28.1,345,163,9,86,429,7,267,2.20E-23,114.4
JDMDCDGL_00412,QHO46245.1|AA6|,27.8,306,184,4,47,352,4,272,7.50E-17,92
JDMDCDGL_03957,ABD62982.1|AA6|,27.8,212,133,5,1,205,1,199,3.20E-15,85.5
JDMDCDGL_02346,AVO20569.1|AA1_3|,27.8,490,238,19,99,523,93,531,4.90E-33,146
JDMDCDGL_02346,AGZ90172.1|AA1_3|,27.4,489,243,21,101,523,108,550,6.90E-35,152.1
JDMDCDGL_02346,QBZ65858.1|AA1_3|,27.4,511,288,17,68,525,74,554,2.90E-33,146.7
JDMDCDGL_02346,XP_003720855.1|AA1_3|,27.4,511,288,17,68,525,74,554,2.90E-33,146.7
JDMDCDGL_01010,QIW99047.1|AA2|,27.2,345,163,8,85,429,5,261,1.60E-24,118.2
JDMDCDGL_02346,QLI70642.1|AA1_3|,27.1,512,284,18,68,525,113,589,1.60E-31,141
JDMDCDGL_01010,QGI63795.1|AA2|,27.1,351,165,11,81,429,13,274,1.30E-23,115.2
JDMDCDGL_01010,QGI81067.1|AA2|,27.1,351,165,11,81,429,13,274,1.30E-23,115.2
JDMDCDGL_01010,QGI94677.1|AA2|,27.1,351,165,11,81,429,13,274,1.30E-23,115.2
JDMDCDGL_02346,EAA34842.1|AA1_3|,27,504,240,17,101,525,50,504,2.10E-31,140.6
JDMDCDGL_01010,QKX59578.1|AA2|,27,344,168,8,86,429,6,266,1.10E-22,112.1
JDMDCDGL_02346,ABM21605.1|AA1_3|,26.9,498,258,15,88,523,87,540,7.60E-34,148.7
JDMDCDGL_02346,AFC76164.1|AA1_3|1.10.3.2,26.9,498,258,16,88,523,83,536,4.20E-32,142.9
JDMDCDGL_02346,AYM55298.1|AA1_3|,26.9,501,254,19,88,523,64,517,4.60E-31,139.4
JDMDCDGL_02346,ATZ57071.1|AA1_3|,26.9,501,254,19,88,523,84,537,4.60E-31,139.4
JDMDCDGL_02346,AAK77953.1|AA1_3|,26.9,501,254,19,88,523,84,537,4.60E-31,139.4
JDMDCDGL_02346,AYM55299.1|AA1_3|,26.9,501,254,19,88,523,50,503,4.60E-31,139.4
JDMDCDGL_01010,QGA20343.1|AA2|,26.7,344,160,8,86,429,90,341,4.40E-19,100.1
JDMDCDGL_01010,CZS79349.1|AA2|,26.6,346,163,11,86,429,18,274,8.80E-20,102.4
JDMDCDGL_02346,AAY33971.2|AA1_3|1.10.3.2,26.5,499,249,16,93,522,2,451,2.70E-31,140.2
JDMDCDGL_02346,AGZ62514.1|AA1_3|,26.5,476,259,17,100,522,94,531,3.50E-31,139.8
JDMDCDGL_02346,AUB26637.1|AA1|,26.4,507,269,16,94,527,83,558,2.80E-36,156.8
JDMDCDGL_02346,QDS72137.1|AA1_3|,26.4,485,269,17,99,522,6,463,9.30E-32,141.7
JDMDCDGL_01010,QKD61761.1|AA2|,26.4,364,175,11,67,429,3,274,2.90E-23,114
JDMDCDGL_02998,QIH44907.1|AA6|,26.3,133,92,1,12,144,68,194,7.40E-04,47.4
JDMDCDGL_02346,ATZ46043.1|AA1_3|,26.2,512,289,15,68,523,72,550,6.20E-36,155.6
JDMDCDGL_01010,QKX53632.1|AA2|,26.2,344,162,8,86,429,88,339,2.00E-19,101.3
JDMDCDGL_05154,QHO46245.1|AA6|,25.9,313,191,7,47,355,1,276,2.20E-19,100.5
JDMDCDGL_02346,APA07098.1|AA1_3|,25.9,510,295,15,68,523,72,552,1.80E-35,154.1
JDMDCDGL_02346,XP_003711640.1|AA1_3|,25.9,525,284,20,63,523,72,555,7.10E-32,142.1
JDMDCDGL_02346,QBZ58298.1|AA1_3|,25.9,525,284,20,63,523,72,555,7.10E-32,142.1
JDMDCDGL_02346,QFF92556.1|AA1_3|,25.5,513,291,13,68,523,72,550,2.20E-33,147.1
JDMDCDGL_02346,QKD46407.1|AA1_3|,25.5,482,270,15,99,525,99,546,1.20E-31,141.4
JDMDCDGL_01010,CAC9900392.1|AA2|,25.5,384,190,8,46,429,51,338,2.60E-19,100.9
JDMDCDGL_02346,ATZ52184.1|AA1_3|,25.4,488,270,16,98,523,91,546,9.30E-32,141.7
JDMDCDGL_01010,CAC9939879.1|AA2|,25.4,386,192,8,44,429,46,335,1.40E-20,105.1
JDMDCDGL_01010,CAC9938439.1|AA2|,25.4,386,192,8,44,429,46,335,1.40E-20,105.1
JDMDCDGL_01010,CAC9939777.1|AA2|,25.4,386,192,8,44,429,46,335,1.40E-20,105.1
JDMDCDGL_01010,QHS74653.1|AA2|,25.4,386,192,8,44,429,46,335,1.20E-19,102.1
JDMDCDGL_02346,QFF92555.1|AA1_3|,25.2,512,294,13,68,523,72,550,5.40E-32,142.5
JDMDCDGL_01010,QHS68240.1|AA2|,25.1,350,170,9,83,432,79,336,4.80E-18,96.7
JDMDCDGL_01010,NP_012992.1|AA2|1.11.1.5,25,384,192,8,46,429,49,336,7.50E-19,99.4
JDMDCDGL_01010,QHB10064.1|AA2|,25,384,192,8,46,429,51,338,7.50E-19,99.4
JDMDCDGL_01010,QID80885.1|AA2|,25,384,192,8,46,429,51,338,7.50E-19,99.4
JDMDCDGL_01010,CAC9916031.1|AA2|,25,384,192,8,46,429,49,336,7.50E-19,99.4
JDMDCDGL_02346,APA14467.1|AA1_3|,24.8,487,268,17,101,523,94,546,7.10E-32,142.1
JDMDCDGL_01010,CAC9939262.1|AA2|,24.7,384,193,8,46,429,50,337,1.70E-18,98.2
JDMDCDGL_01010,QLG71438.1|AA2|,24.3,387,187,12,48,429,69,354,4.80E-18,96.7
JDMDCDGL_01010,QIW96867.1|AA2|,23.8,345,171,9,85,429,101,353,3.70E-18,97.1